{"text": " \u0928\u092e\u0938\u094d\u0924\u0947 \u092e\u0947\u0930\u093e \u0928\u093e\u092e\u094d\u0924\u093e\u0930\u0941\u0928 \u0939\u0948 \u0924\u0941\u092e\u0930\u093e \u0928\u093e\u092e \u0915\u094d\u092f\u093e \u0939\u0948", "segments": [{"id": 0, "seek": 0, "start": 0.0, "end": 4.34, "text": " \u0928\u092e\u0938\u094d\u0924\u0947 \u092e\u0947\u0930\u093e \u0928\u093e\u092e\u094d\u0924\u093e\u0930\u0941\u0928 \u0939\u0948 \u0924\u0941\u092e\u0930\u093e \u0928\u093e\u092e \u0915\u094d\u092f\u093e \u0939\u0948", "tokens": [50364, 8485, 101, 48521, 45938, 27099, 36158, 21981, 48449, 21981, 25411, 17937, 8485, 101, 17937, 48521, 27099, 36158, 17937, 25411, 8703, 223, 35082, 37139, 43372, 8485, 97, 8703, 223, 48521, 25411, 17937, 8485, 101, 17937, 48521, 31970, 27099, 48268, 17937, 37139, 43372, 50581], "temperature": 0.0, "avg_logprob": -0.34845230796120386, "compression_ratio": 1.4545454545454546, "no_speech_prob": 0.055654872208833694}], "language": "Hindi"}